William Brown,Corporate,7
Alex Avila,Home Office,5
Emily Grady,Home Office,5
Bradley Drucker,Small Business,5
Muhammed Yedwab,Consumer,5
Adam Hart,Corporate,5
Grant Thornton,Corporate,5
Harold Dahlen,Corporate,4
Bobby Odegard,Corporate,4
Bill Eplett,Corporate,4
Cynthia Delaney,Corporate,4
Tracy Collins,Consumer,4
Art Miller,Corporate,4
Bart Folk,Corporate,4
Beth Thompson,Corporate,4
Pamela Stobb,Consumer,4
Sarah Brown,Consumer,4
Christy Brittain,Consumer,4
Darren Budd,Consumer,4
Ivan Liston,Consumer,4
Jim Mitchum,Consumer,4
Dennis Kane,Small Business,4
Maria Bertelson,Home Office,4
Michael Dominguez,Home Office,4
Patrick Jones,Home Office,4
Ed Braxton,Home Office,4
Daniel Byrd,Home Office,4
Dorris Love,Home Office,4
Frank Hawley,Home Office,4
Keith Dawkins,Home Office,4
Quincy Jones,Corporate,4
Ralph Kennedy,Corporate,4
Sean Braxton,Small Business,4
Sibella Parks,Small Business,4
Todd Boyes,Small Business,4
Steve Nguyen,Small Business,3
Michael Oakman,Small Business,3
Mathew Reese,Small Business,3
Raymond Fair,Small Business,3
Roy Collins,Corporate,3
Shaun Chance,Corporate,3
Tim Taslimi,Corporate,3
Karen Carlisle,Home Office,3
Luke Schmidt,Home Office,3
Dorothy Badders,Home Office,3
Heather Kirkland,Home Office,3
Denise Monton,Home Office,3
Darren Budd,Home Office,3
Eugene Moren,Home Office,3
Fred Wasserman,Home Office,3
Parhena Norris,Home Office,3
Nicole Brennan,Home Office,3
Noel Staavos,Home Office,3
Nora Pelletier,Home Office,3
Nat Carroll,Home Office,3
Maribeth Yedwab,Home Office,3
Thea Hendricks,Home Office,3
Allen Rosenblatt,Small Business,3
Amy Cox,Small Business,3
Clay Cheatham,Small Business,3
Craig Molinari,Small Business,3
Bobby Elias,Small Business,3
Carlos Soltero,Small Business,3
Mark Haberlin,Small Business,3
Emily Phan,Consumer,3
Justin Hirsh,Consumer,3
Annie Thurman,Consumer,3
Stephanie Ulpright,Consumer,3
Thomas Thornton,Consumer,3
Tim Brockman,Consumer,3
Tonja Turnell,Consumer,3
Pauline Webber,Consumer,3
Nat Gilpin,Consumer,3
Ralph Arnett,Consumer,3
Bill Donatelli,Corporate,3
Ann Steele,Corporate,3
Vivek Gonzalez,Consumer,3
Cindy Chapman,Corporate,3
Craig Carroll,Corporate,3
Caroline Jumper,Corporate,3
Guy Armstrong,Corporate,3
Guy Thornton,Corporate,3
Jamie Kunitz,Corporate,3
Evan Minnotte,Corporate,3
Frank Price,Corporate,3
Dorothy Wardle,Corporate,3
Dianna Vittorini,Corporate,3
Edward Becker,Corporate,3
Janet Martin,Corporate,3
John Lee,Corporate,3
Jonathan Doherty,Corporate,3
Liz Carlisle,Corporate,3
Luke Weiss,Corporate,3
Maria Zettner,Corporate,3
Max Engle,Corporate,3
Mike Pelletier,Corporate,3
Patrick Ryan,Corporate,3
Paul MacIntyre,Corporate,2
Neil Knudson,Corporate,2
Nick Crebassa,Corporate,2
Nick Radford,Corporate,2
Mitch Webber,Corporate,2
Mitch Willingham,Corporate,2
Monica Federle,Corporate,2
Maureen Fritzler,Corporate,2
Nathan Mautz,Corporate,2
Maxwell Schwartz,Corporate,2
Meg O'Connel,Corporate,2
Michael Grace,Corporate,2
Michael Granlund,Corporate,2
Michael Kennedy,Corporate,2
Lynn Smith,Corporate,2
Grant Carroll,Corporate,2
Lisa DeCherney,Corporate,2
Liz Pelletier,Corporate,2
Liz Price,Corporate,2
Kean Thornton,Corporate,2
Ken Heidel,Corporate,2
Katherine Nockton,Corporate,2
Lela Donovan,Corporate,2
Joy Smith,Corporate,2
Julia Barnett,Corporate,2
Juliana Krohn,Corporate,2
Julie Creighton,Corporate,2
Justin Knight,Corporate,2
Jason Fortune,Corporate,2
Jeremy Lonsdale,Corporate,2
Jeremy Pistek,Corporate,2
Jim Sink,Corporate,2
Don Jones,Corporate,2
Erica Bern,Corporate,2
Erin Creighton,Corporate,2
Erin Mull,Corporate,2
Dorris Love,Corporate,2
Doug Bickford,Corporate,2
David Bremer,Corporate,2
Greg Guthrie,Corporate,2
Heather Jas,Corporate,2
Helen Andreada,Corporate,2
Bruce Stewart,Corporate,2
Bryan Davis,Corporate,2
Candace McMahon,Corporate,2
Cari MacIntyre,Corporate,2
Art Ferguson,Corporate,2
Corinna Mitchell,Corporate,2
Cindy Schnelling,Corporate,2
Chuck Clark,Corporate,2
Dan Lawera,Corporate,2
Saphhira Shifley,Consumer,2
Aaron Bergman,Corporate,2
Alejandro Grove,Corporate,2
Aleksandra Gannaway,Corporate,2
Arthur Wiediger,Corporate,2
Barry Franz,Corporate,2
Barry Weirich,Corporate,2
Becky Pak,Corporate,2
Ralph Knight,Consumer,2
Raymond Book,Consumer,2
Liz Price,Consumer,2
Rick Wilson,Consumer,2
Tony Chapman,Consumer,2
Shahid Shariari,Consumer,2
Roger Demir,Consumer,2
Sally Hughsby,Consumer,2
Anthony O'Donnell,Consumer,2
Adrian Shami,Consumer,2
Alejandro Grove,Consumer,2
Becky Castell,Consumer,2
Brendan Sweed,Consumer,2
Brosina Hoffman,Consumer,2
Darrin Sayre,Consumer,2
Duane Huffman,Consumer,2
Elizabeth Moffitt,Consumer,2
Cindy Chapman,Consumer,2
Craig Leslie,Consumer,2
Cyra Reiten,Consumer,2
Carlos Soltero,Consumer,2
Cathy Armstrong,Consumer,2
Charles Crestani,Consumer,2
Harold Engle,Consumer,2
Anne Pryor,Consumer,2
Julia Dunbar,Consumer,2
Ken Lonsdale,Consumer,2
Maureen Gastineau,Consumer,2
Gene McClure,Consumer,2
Grace Kelly,Consumer,2
Jack O'Briant,Consumer,2
Delfina Latchford,Small Business,2
Logan Currie,Small Business,2
Jim Epp,Small Business,2
Lena Radford,Small Business,2
John Castell,Small Business,2
John Lucas,Small Business,2
John Murray,Small Business,2
Dionis Lloyd,Small Business,2
Filia McAdams,Small Business,2
George Ashbrook,Small Business,2
Grant Carroll,Small Business,2
Greg Guthrie,Small Business,2
Hallie Redmond,Small Business,2
Jack O'Briant,Small Business,2
Jason Klamczynski,Small Business,2
Jeremy Farry,Small Business,2
Jessica Myrick,Small Business,2
Bobby Trafton,Small Business,2
Brad Eason,Small Business,2
Brooke Gillingham,Small Business,2
Bryan Mills,Small Business,2
Bradley Talbott,Small Business,2
Brenda Bowman,Small Business,2
Barbara Fisher,Small Business,2
Barry Blumstein,Small Business,2
Dan Campbell,Small Business,2
Clytie Kelty,Small Business,2
Christine Sundaresam,Small Business,2
Claudia Miner,Small Business,2
Dave Poirier,Small Business,2
Eric Hoffmann,Small Business,2
Alan Hwang,Small Business,2
Tracy Blumstein,Home Office,2
Susan Pistek,Home Office,2
Susan Vittorini,Home Office,2
Vivian Mathis,Home Office,2
Adam Bellavance,Small Business,2
Sandra Flanagan,Home Office,2
Sanjit Chand,Home Office,2
Sean Christensen,Home Office,2
Steven Cartwright,Home Office,2
Matt Abelman,Home Office,2
Kean Takahito,Home Office,2
Max Jones,Home Office,2
Nathan Gelder,Home Office,2
Michelle Arnett,Home Office,2
Nora Price,Home Office,2
Nancy Lomonaco,Home Office,2
Philip Fox,Home Office,2
Patrick O'Donnell,Home Office,2
Penelope Sewall,Home Office,2
Roland Murray,Home Office,2
Gary Hwang,Home Office,2
Edward Nazzal,Home Office,2
Darrin Van Huff,Home Office,2
Corey Catlett,Home Office,2
Don Miller,Home Office,2
Dean Katz,Home Office,2
Phillip Breyer,Corporate,2
Denise Leinenbach,Home Office,2
Harold Ryan,Home Office,2
Jennifer Jackson,Home Office,2
Jack O'Briant,Home Office,2
Jasper Cacioppo,Home Office,2
Joni Blumstein,Home Office,2
Larry Hughes,Home Office,2
Larry Tron,Home Office,2
Lauren Leatherbury,Home Office,2
Lena Creighton,Home Office,2
Karl Brown,Home Office,2
Katherine Murray,Home Office,2
Julia Barnett,Home Office,2
Toby Knight,Corporate,2
Tony Molinari,Corporate,2
Tracy Poddar,Corporate,2
Valerie Dominguez,Corporate,2
Victoria Pisteka,Corporate,2
Yana Sorensen,Corporate,2
Sylvia Foulston,Corporate,2
Tamara Willingham,Corporate,2
Ted Trevino,Corporate,2
Thais Sissman,Corporate,2
Anne Pryor,Home Office,2
Annie Cyprus,Home Office,2
Brad Thomas,Home Office,2
Bruce Degenhardt,Home Office,2
Carlos Daly,Home Office,2
Sheri Gordon,Corporate,2
Ruben Dartt,Corporate,2
Sally Knutson,Corporate,2
Sarah Bern,Corporate,2
Scot Wooten,Corporate,2
Sonia Sunley,Corporate,2
Steve Chapman,Corporate,2
Sung Shariari,Corporate,2
Roy Skaria,Corporate,2
Randy Ferguson,Corporate,2
Paul Stevenson,Corporate,2
Rick Huthwaite,Corporate,2
Resi Polking,Small Business,2
Richard Bierner,Small Business,2
Nora Price,Small Business,2
Odella Nelson,Small Business,2
Meg O'Connel,Small Business,2
Muhammed MacIntyre,Small Business,2
Michael Stewart,Small Business,2
Michelle Ellison,Small Business,2
Troy Staebel,Small Business,2
Trudy Brown,Small Business,2
Sean Miller,Small Business,2
Shahid Hopkins,Small Business,2
Nick Zandusky,Small Business,2
Sam Zeldin,Small Business,2
Sara Luxemburg,Small Business,2
Tony Sayre,Small Business,2
Toby Swindell,Small Business,2
Tracy Hopkins,Small Business,1
Nicole Hansen,Small Business,1
Nora Paige,Small Business,1
Sonia Sunley,Small Business,1
Trudy Schmidt,Small Business,1
Victoria Brennan,Small Business,1
Steven Roelle,Small Business,1
Sung Pak,Small Business,1
Tom Prescott,Small Business,1
Mike Vittorini,Small Business,1
Naresj Patel,Small Business,1
Meg Tillman,Small Business,1
Pauline Chand,Small Business,1
Phillina Ober,Small Business,1
Phillip Flathmann,Small Business,1
Roland Black,Small Business,1
Sally Knutson,Small Business,1
Rick Wilson,Corporate,1
Ritsa Hightower,Corporate,1
Rob Haberlin,Corporate,1
Robert Dilbeck,Corporate,1
Robert Marley,Corporate,1
Roger Barcio,Corporate,1
Roland Fjeld,Corporate,1
Ross Baird,Corporate,1
Pauline Chand,Corporate,1
Peter Fuller,Corporate,1
Randy Bradley,Corporate,1
Ricardo Emerson,Corporate,1
Rick Hansen,Corporate,1
Ruben Ausman,Corporate,1
Susan Vittorini,Corporate,1
Suzanne McNair,Corporate,1
Speros Goranitis,Corporate,1
Stefania Perrino,Corporate,1
Sean O'Donnell,Corporate,1
Sean Wendt,Corporate,1
Scot Coram,Corporate,1
Shirley Daniels,Corporate,1
Sonia Cooley,Corporate,1
Carol Darley,Home Office,1
Carol Triggs,Home Office,1
Cassandra Brandow,Home Office,1
Catherine Glotzbach,Home Office,1
Charlotte Melton,Home Office,1
Christopher Martinez,Home Office,1
Claire Good,Home Office,1
Bryan Spruell,Home Office,1
Carl Jackson,Home Office,1
Art Foster,Home Office,1
Ashley Jarboe,Home Office,1
Becky Martin,Home Office,1
Ben Wallace,Home Office,1
Theone Pippenger,Corporate,1
Thomas Boland,Corporate,1
Tanja Norvell,Corporate,1
Tamara Manning,Corporate,1
Aaron Hawkins,Home Office,1
Aimee Bixby,Home Office,1
Xylona Price,Corporate,1
Justin Ellison,Home Office,1
Kelly Andreada,Home Office,1
Khloe Miller,Home Office,1
Katherine Nockton,Home Office,1
Lena Hernandez,Home Office,1
Lindsay Shagiari,Home Office,1
Lisa Hazard,Home Office,1
Liz Pelletier,Home Office,1
Laurel Elliston,Home Office,1
Lycoris Saunders,Home Office,1
Joy Bell,Home Office,1
Jennifer Halladay,Home Office,1
Jennifer Patt,Home Office,1
Jill Fjeld,Home Office,1
Joel Eaton,Home Office,1
Fred Harton,Home Office,1
Helen Abelman,Home Office,1
Helen Wasserman,Home Office,1
Ionia McGrath,Home Office,1
Dean Percer,Home Office,1
Duane Benoit,Home Office,1
Cynthia Arntzen,Home Office,1
Andrew Roberts,Home Office,1
David Flashing,Home Office,1
David Kendrick,Home Office,1
Emily Burns,Home Office,1
Edward Becker,Home Office,1
Eva Jacobs,Home Office,1
Eric Murdock,Home Office,1
Eugene Hildebrand,Home Office,1
Gary McGarr,Home Office,1
Gene McClure,Home Office,1
George Zrebassa,Home Office,1
Greg Matthias,Home Office,1
Greg Maxwell,Home Office,1
Hallie Redmond,Home Office,1
Sally Hughsby,Home Office,1
Philip Brown,Home Office,1
Pierre Wener,Home Office,1
Rachel Payne,Home Office,1
Randy Ferguson,Home Office,1
Rick Hansen,Home Office,1
Robert Waldorf,Home Office,1
Patrick O'Brill,Home Office,1
Olvera Toch,Home Office,1
Michelle Lonsdale,Home Office,1
Michelle Tran,Home Office,1
Michael Granlund,Home Office,1
Nathan Mautz,Home Office,1
Neil Knudson,Home Office,1
Matt Collister,Home Office,1
Matt Hagelstein,Home Office,1
Mark Van Huff,Home Office,1
MaryBeth Skach,Home Office,1
Sung Chung,Home Office,1
Skye Norling,Home Office,1
Sanjit Engle,Home Office,1
Sandra Glassco,Home Office,1
Theresa Coyne,Home Office,1
Theresa Swint,Home Office,1
Thomas Seio,Home Office,1
Toby Carlisle,Home Office,1
Toby Grace,Home Office,1
Tom Ashbrook,Home Office,1
Tony Sayre,Home Office,1
Adrian Barton,Small Business,1
Troy Blackwell,Home Office,1
Valerie Mitchum,Home Office,1
Victoria Wilson,Home Office,1
Vivek Sundaresam,Home Office,1
Alan Shonely,Small Business,1
Alyssa Tate,Small Business,1
Amy Hunt,Small Business,1
Anthony Johnson,Small Business,1
Anthony Rawles,Small Business,1
Erica Hernandez,Small Business,1
Erica Smith,Small Business,1
Erin Mull,Small Business,1
Deborah Brumfield,Small Business,1
Dennis Pardue,Small Business,1
Dianna Wilson,Small Business,1
Daniel Lacy,Small Business,1
Darrin Martin,Small Business,1
Cyma Kinney,Small Business,1
Cynthia Arntzen,Small Business,1
Benjamin Venier,Small Business,1
Beth Fritzler,Small Business,1
Bill Donatelli,Small Business,1
Brian Derr,Small Business,1
Chad Cunningham,Small Business,1
Chad McGuire,Small Business,1
Christina Vanderzanden,Small Business,1
Christine Kargatis,Small Business,1
Jesus Ocampo,Small Business,1
Jennifer Braxton,Small Business,1
Harold Pawlan,Small Business,1
Henry Goldwyn,Small Business,1
Henry MacAllister,Small Business,1
Ionia McGrath,Small Business,1
Greg Matthias,Small Business,1
Frank Olsen,Small Business,1
Duane Huffman,Small Business,1
Eric Barreto,Small Business,1
John Stevenson,Small Business,1
Keith Herrera,Small Business,1
Ken Dana,Small Business,1
Kimberly Carter,Small Business,1
Laura Armstrong,Small Business,1
Lindsay Castell,Small Business,1
Jim Karlsson,Small Business,1
Mark Packer,Small Business,1
James Galang,Consumer,1
Jay Fine,Consumer,1
Jill Stevenson,Consumer,1
Jocasta Rupert,Consumer,1
John Castell,Consumer,1
Jonathan Howell,Consumer,1
Joni Wasserman,Consumer,1
Joseph Airdo,Consumer,1
Joy Smith,Consumer,1
Grant Donatelli,Consumer,1
Harold Dahlen,Consumer,1
Georgia Rosenberg,Consumer,1
Giulietta Dortch,Consumer,1
Eric Barreto,Consumer,1
Gary Hansen,Consumer,1
Gene Hale,Consumer,1
Michael Chen,Consumer,1
Michelle Tran,Consumer,1
Mick Brown,Consumer,1
Muhammed Lee,Consumer,1
Larry Blacks,Consumer,1
Laurel Beltran,Consumer,1
Linda Southworth,Consumer,1
Lisa DeCherney,Consumer,1
Harry Marie,Consumer,1
Karen Daniels,Consumer,1
Karen Seio,Consumer,1
Katharine Harms,Consumer,1
Katherine Hughes,Consumer,1
Katrina Bavinger,Consumer,1
Katrina Willman,Consumer,1
Chris Cortes,Consumer,1
Chuck Sachs,Consumer,1
Elpida Rittenbach,Consumer,1
Edward Hooks,Consumer,1
Eileen Kiefer,Consumer,1
David Flashing,Consumer,1
David Philippe,Consumer,1
David Wiener,Consumer,1
Carl Weiss,Consumer,1
Carlos Meador,Consumer,1
Beth Paige,Consumer,1
Bobby Odegard,Consumer,1
Bradley Nguyen,Consumer,1
Alex Grayson,Consumer,1
Allen Golden,Consumer,1
Andy Gerbode,Consumer,1
Anne McFarland,Consumer,1
Alan Haines,Consumer,1
Barry Gonzalez,Consumer,1
Sally Knutson,Consumer,1
Sanjit Jacobs,Consumer,1
Ryan Akin,Consumer,1
Shui Tom,Consumer,1
Stephanie Phelps,Consumer,1
Sarah Jordon,Consumer,1
Scott Cohen,Consumer,1
Toby Knight,Consumer,1
Stuart Calhoun,Consumer,1
Stuart Van,Consumer,1
Thea Hudgings,Consumer,1
Rob Beeghly,Consumer,1
Rob Haberlin,Consumer,1
Matt Collins,Consumer,1
Richard Eichhorn,Consumer,1
Nathan Cano,Consumer,1
Neil French,Consumer,1
Peter Buhler,Consumer,1
Peter Fuller,Consumer,1
Ben Ferrer,Corporate,1
Benjamin Patterson,Corporate,1
Berenike Kampe,Corporate,1
Bart Watters,Corporate,1
Astrea Jones,Corporate,1
Anna Gayman,Corporate,1
Anna Haberlin,Corporate,1
Anthony O'Donnell,Corporate,1
Arianne Irving,Corporate,1
Alice McCarthy,Corporate,1
Alyssa Crouse,Corporate,1
Ann Blume,Corporate,1
Ann Chong,Corporate,1
Alejandro Savely,Corporate,1
Yoseph Carroll,Consumer,1
Tracy Zic,Consumer,1
Valerie Takahito,Consumer,1
Adam Shillingsburg,Corporate,1
Adrian Hane,Corporate,1
Alan Dominguez,Corporate,1
Alan Hwang,Corporate,1
Alan Schoenberger,Corporate,1
Dana Kaydos,Corporate,1
Daniel Raglin,Corporate,1
Dave Brooks,Corporate,1
Cynthia Voltz,Corporate,1
Damala Kotsonis,Corporate,1
Dan Campbell,Corporate,1
Chuck Magee,Corporate,1
Clay Rozendal,Corporate,1
Craig Yedwab,Corporate,1
Cari Sayre,Corporate,1
Carl Ludwig,Corporate,1
Carlos Daly,Corporate,1
Carlos Meador,Corporate,1
Carol Adams,Corporate,1
Chad Sievert,Corporate,1
Christine Abelman,Corporate,1
Bill Overfelt,Corporate,1
Brad Norvell,Corporate,1
Brad Thomas,Corporate,1
Brendan Dodson,Corporate,1
Brendan Murry,Corporate,1
Brian DeCherney,Corporate,1
Brian Moss,Corporate,1
Helen Wasserman,Corporate,1
Jane Waco,Corporate,1
Frank Atkinson,Corporate,1
Fred Chung,Corporate,1
George Bell,Corporate,1
Giulietta Weimer,Corporate,1
Dean Braden,Corporate,1
Deanra Eno,Corporate,1
Dennis Pardue,Corporate,1
Duane Noonan,Corporate,1
Evan Bailliet,Corporate,1
Evan Henry,Corporate,1
Don Weiss,Corporate,1
Eleni McCrary,Corporate,1
Ellis Ballard,Corporate,1
Joel Jenkins,Corporate,1
John Dryer,Corporate,1
John Grady,Corporate,1
John Lucas,Corporate,1
Janet Molinari,Corporate,1
Kalyca Meade,Corporate,1
Karen Bern,Corporate,1
Katherine Ducich,Corporate,1
Julie Kriz,Corporate,1
Justin Deggeller,Corporate,1
Lena Creighton,Corporate,1
Lindsay Williams,Corporate,1
Katrina Edelman,Corporate,1
Laura Armstrong,Corporate,1
Laurel Elliston,Corporate,1
Lauren Leatherbury,Corporate,1
Liz Thompson,Corporate,1
Liz Willingham,Corporate,1
Luke Foster,Corporate,1
Liz MacKendrick,Corporate,1
Marc Crier,Corporate,1
Lycoris Saunders,Corporate,1
Marina Lichtenstein,Corporate,1
Mark Cousins,Corporate,1
Matt Connell,Corporate,1
Michael Moore,Corporate,1
Michelle Moray,Corporate,1
Michelle Tran,Corporate,1
Neil French,Corporate,1
Maurice Satty,Corporate,1
Muhammed Lee,Corporate,1
Natalie Webber,Corporate,1
Nicole Hansen,Corporate,1
Paul Prost,Corporate,1
Paul Knutson,Corporate,1
